"product_slug","variant_id","source_size","source_pack_code","source_pack_price_INR","confirmed_bags_per_pack","status"
"meesho-non-transparent-pod-with-pocket-100-barcode-working","52161193738538","6X8","00","259.00","","quantity-confirmation-pending"
"meesho-non-transparent-pod-with-pocket-100-barcode-working","51095779311914","6X8","000","289.00","","quantity-confirmation-pending"
"meesho-non-transparent-pod-with-pocket-100-barcode-working","51095779344682","6X8","0","999.00","","quantity-confirmation-pending"
"meesho-non-transparent-pod-with-pocket-100-barcode-working","52161193771306","8X10","00","259.00","","quantity-confirmation-pending"
"meesho-non-transparent-pod-with-pocket-100-barcode-working","51095779377450","8X10","000","399.00","","quantity-confirmation-pending"
"meesho-non-transparent-pod-with-pocket-100-barcode-working","51095779410218","8X10","0","1249.00","","quantity-confirmation-pending"
"meesho-non-transparent-pod-with-pocket-100-barcode-working","52161193804074","10X12","00","299.00","","quantity-confirmation-pending"
"meesho-non-transparent-pod-with-pocket-100-barcode-working","51095779442986","10X12","000","499.00","","quantity-confirmation-pending"
"meesho-non-transparent-pod-with-pocket-100-barcode-working","51095779475754","10X12","0","1649.00","","quantity-confirmation-pending"
"meesho-non-transparent-pod-with-pocket-100-barcode-working","52161193836842","10X14","00","329.00","","quantity-confirmation-pending"
"meesho-non-transparent-pod-with-pocket-100-barcode-working","51095779508522","10X14","000","549.00","","quantity-confirmation-pending"
"meesho-non-transparent-pod-with-pocket-100-barcode-working","51095779541290","10X14","0","1889.00","","quantity-confirmation-pending"
"meesho-non-transparent-pod-with-pocket-100-barcode-working","52161193869610","12X16","00","399.00","","quantity-confirmation-pending"
"meesho-non-transparent-pod-with-pocket-100-barcode-working","51095779574058","12X16","000","649.00","","quantity-confirmation-pending"
"meesho-non-transparent-pod-with-pocket-100-barcode-working","51095779606826","12X16","0","2449.00","","quantity-confirmation-pending"
"meesho-non-transparent-pod-with-pocket-100-barcode-working","52161193902378","14X18","00","499.00","","quantity-confirmation-pending"
"meesho-non-transparent-pod-with-pocket-100-barcode-working","51095779639594","14X18","000","849.00","","quantity-confirmation-pending"
"meesho-non-transparent-pod-with-pocket-100-barcode-working","51095779672362","14X18","0","2999.00","","quantity-confirmation-pending"
"meesho-non-transparent-pod-with-pocket-100-barcode-working","52161193935146","16x20","00","499.00","","quantity-confirmation-pending"
"meesho-non-transparent-pod-with-pocket-100-barcode-working","52161179812138","16x20","000","949.00","","quantity-confirmation-pending"
"meesho-non-transparent-pod-with-pocket-100-barcode-working","52161179844906","16x20","0","3999.00","","quantity-confirmation-pending"
"meesho-non-transparent-pod-with-pocket-100-barcode-working","52161193967914","18x22","00","599.00","","quantity-confirmation-pending"
"meesho-non-transparent-pod-with-pocket-100-barcode-working","52161179877674","18x22","000","1099.00","","quantity-confirmation-pending"
"meesho-non-transparent-pod-with-pocket-100-barcode-working","52161179910442","18x22","0","4999.00","","quantity-confirmation-pending"
