reviewId,name,category,listedPriceINR,priceBasis,source,packQuantity,supplierCostINR,sellingPriceINR,approved,notes
"ECO-001","Meesho opaque mailer — no pocket","Courier bags","179","Unknown default variant / pack; NOT a unit price","https://www.ecosoftindia.in/collections/courier-bag","","","","false","Confirm dimensions, pack quantity, GST, shipping, current stock and image reuse rights."
"ECO-002","Plain security mailer — with pocket","Courier bags","169","Unknown default variant / pack; NOT a unit price","https://www.ecosoftindia.in/collections/courier-bag","","","","false","Collection 169 vs product page 179; product page shows sold-out text. Material description is ambiguous. Verify with supplier."
"ECO-003","Flipkart opaque mailer","Courier bags","169","Unknown default variant / pack; NOT a unit price","https://www.ecosoftindia.in/collections/courier-bag","","","","false","Confirm dimensions, pack quantity, GST, shipping, current stock and image reuse rights."
"ECO-004","Meesho opaque POD mailer — with pocket","Courier bags","259","Unknown default variant / pack; NOT a unit price","https://www.ecosoftindia.in/collections/courier-bag","","","","false","Confirm dimensions, pack quantity, GST, shipping, current stock and image reuse rights."
"ECO-005","Amazon mailer — no pocket","Courier bags","179","Unknown default variant / pack; NOT a unit price","https://www.ecosoftindia.in/collections/courier-bag","","","","false","Confirm dimensions, pack quantity, GST, shipping, current stock and image reuse rights."
"ECO-006","Meesho clear mailer — no pocket","Courier bags","0","Unknown default variant / pack; NOT a unit price","https://www.ecosoftindia.in/collections/courier-bag","","","","false","Zero listed price: do not import. Supplier quote required."
"ECO-007","Flipkart clear mailer — no pocket","Courier bags","169","Unknown default variant / pack; NOT a unit price","https://www.ecosoftindia.in/collections/courier-bag","","","","false","Confirm dimensions, pack quantity, GST, shipping, current stock and image reuse rights."
"ECO-008","Plain security mailer — no pocket","Courier bags","149","Unknown default variant / pack; NOT a unit price","https://www.ecosoftindia.in/collections/courier-bag","","","","false","Confirm dimensions, pack quantity, GST, shipping, current stock and image reuse rights."
"ECO-009","Meesho clear POD mailer — with pocket","Courier bags","259","Unknown default variant / pack; NOT a unit price","https://www.ecosoftindia.in/collections/courier-bag","","","","false","Confirm dimensions, pack quantity, GST, shipping, current stock and image reuse rights."
"ECO-010","Plain kraft paper mailer","Courier bags","270","Unknown default variant / pack; NOT a unit price","https://www.ecosoftindia.in/collections/courier-bag","","","","false","Confirm dimensions, pack quantity, GST, shipping, current stock and image reuse rights."
"ECO-011","Pink mailer — with pocket","Courier bags","249","Unknown default variant / pack; NOT a unit price","https://www.ecosoftindia.in/collections/courier-bag","","","","false","Confirm dimensions, pack quantity, GST, shipping, current stock and image reuse rights."
"ECO-012","Myntra paper mailer","Courier bags","270","Unknown default variant / pack; NOT a unit price","https://www.ecosoftindia.in/collections/courier-bag","","","","false","Confirm dimensions, pack quantity, GST, shipping, current stock and image reuse rights."
"ECO-013","Blue mailer — with pocket","Courier bags","249","Unknown default variant / pack; NOT a unit price","https://www.ecosoftindia.in/collections/courier-bag","","","","false","Confirm dimensions, pack quantity, GST, shipping, current stock and image reuse rights."
"ECO-014","Black mailer — with pocket","Courier bags","249","Unknown default variant / pack; NOT a unit price","https://www.ecosoftindia.in/collections/courier-bag","","","","false","Confirm dimensions, pack quantity, GST, shipping, current stock and image reuse rights."
"ECO-015","Yellow mailer — with pocket","Courier bags","249","Unknown default variant / pack; NOT a unit price","https://www.ecosoftindia.in/collections/courier-bag","","","","false","Confirm dimensions, pack quantity, GST, shipping, current stock and image reuse rights."
"ECO-016","Green mailer — with pocket","Courier bags","249","Unknown default variant / pack; NOT a unit price","https://www.ecosoftindia.in/collections/courier-bag","","","","false","Confirm dimensions, pack quantity, GST, shipping, current stock and image reuse rights."
"ECO-017","White 3-ply flap box","Boxes and tapes","299","Unknown default variant / pack; NOT a unit price","https://www.ecosoftindia.in/collections/boxes-tapes","","","","false","Confirm dimensions, pack quantity, GST, shipping, current stock and image reuse rights."
"ECO-018","Brown 3-ply flap box","Boxes and tapes","299","Unknown default variant / pack; NOT a unit price","https://www.ecosoftindia.in/collections/boxes-tapes","","","","false","Confirm dimensions, pack quantity, GST, shipping, current stock and image reuse rights."
"ECO-019","Brown 3-ply shipping box","Boxes and tapes","225","Unknown default variant / pack; NOT a unit price","https://www.ecosoftindia.in/collections/boxes-tapes","","","","false","Collection 225 vs product page observed 399; pack and size unknown. Supplier quote required."
"ECO-020","Myntra-branded tape","Boxes and tapes","253","Unknown default variant / pack; NOT a unit price","https://www.ecosoftindia.in/collections/boxes-tapes","","","","false","Confirm dimensions, pack quantity, GST, shipping, current stock and image reuse rights."
"ECO-021","Meesho-branded tape","Boxes and tapes","198","Unknown default variant / pack; NOT a unit price","https://www.ecosoftindia.in/collections/boxes-tapes","","","","false","Confirm dimensions, pack quantity, GST, shipping, current stock and image reuse rights."
"ECO-022","Flipkart-branded tape","Boxes and tapes","198","Unknown default variant / pack; NOT a unit price","https://www.ecosoftindia.in/collections/boxes-tapes","","","","false","Confirm dimensions, pack quantity, GST, shipping, current stock and image reuse rights."
"ECO-023","Brown packing tape","Boxes and tapes","198","Unknown default variant / pack; NOT a unit price","https://www.ecosoftindia.in/collections/boxes-tapes","","","","false","Confirm dimensions, pack quantity, GST, shipping, current stock and image reuse rights."
"ECO-024","Clear packing tape","Boxes and tapes","100","Unknown default variant / pack; NOT a unit price","https://www.ecosoftindia.in/collections/boxes-tapes","","","","false","Confirm dimensions, pack quantity, GST, shipping, current stock and image reuse rights."
"ECO-025","Amazon clear tape","Boxes and tapes","198","Unknown default variant / pack; NOT a unit price","https://www.ecosoftindia.in/collections/boxes-tapes","","","","false","Confirm dimensions, pack quantity, GST, shipping, current stock and image reuse rights."
"ECO-026","Amazon Prime tape","Boxes and tapes","253","Unknown default variant / pack; NOT a unit price","https://www.ecosoftindia.in/collections/boxes-tapes","","","","false","Confirm dimensions, pack quantity, GST, shipping, current stock and image reuse rights."
"ECO-027","Fragile marking tape — 2 inch / 130 m","Boxes and tapes","198","Unknown default variant / pack; NOT a unit price","https://www.ecosoftindia.in/collections/boxes-tapes","","","","false","Confirm dimensions, pack quantity, GST, shipping, current stock and image reuse rights."
"ECO-028","Blank barcode label roll","Labels","300","Unknown default variant / pack; NOT a unit price","https://www.ecosoftindia.in/collections/labels-stickers-1","","","","false","Confirm dimensions, pack quantity, GST, shipping, current stock and image reuse rights."
"ECO-029","Thermal shipping label roll","Labels","400","Unknown default variant / pack; NOT a unit price","https://www.ecosoftindia.in/collections/labels-stickers-1","","","","false","Collection 400 vs product page 450. Size units and variant-specific prices unverified. Do not divide by label count to derive roll price."
"ECO-030","Thank-you / review insert","Inserts","199","Unknown default variant / pack; NOT a unit price","https://www.ecosoftindia.in/","","","","false","Confirm dimensions, pack quantity, GST, shipping, current stock and image reuse rights."
